[{"@type":"mappingTemplate","id":"@1","name":"m_DM_Person_HR_Sys_S3_Enrichment","description":"Read HR_PERSON_SYS file from S3 Landing and mask the SSN and write to S3 Enrichment.","bundleVersion":"0","templateId":"@3","deployTime":1604009547000,"hasParameters":false,"valid":true,"fixedConnection":true,"hasParametersDeployed":false,"fixedConnectionDeployed":true,"tasks":1,"mappingPreviewFileRecordId":"@2","documentType":"","references":[{"@type":"reference","refObjectId":"@5zBVYkUG6bTjrQT9XuqEmS","refType":"connection"}]}]