[{"@type":"mappingTemplate","id":"@1","name":"m_S3_SF_Person_Enterprise","description":"Read data from S3 Enrichment and write to S3 Enterprise and Snowflake","bundleVersion":"0","templateId":"@3","deployTime":1604009546000,"hasParameters":false,"valid":true,"fixedConnection":true,"hasParametersDeployed":false,"fixedConnectionDeployed":true,"tasks":1,"mappingPreviewFileRecordId":"@2","documentType":"","references":[{"@type":"reference","refObjectId":"@2Jp1k44EwEXcjJO7Bdos80","refType":"connection"},{"@type":"reference","refObjectId":"@5zBVYkUG6bTjrQT9XuqEmS","refType":"connection"}]}]