[{"@type":"mtTask","id":"@1","name":"mt_S3_Person_Enrichment","description":"","runtimeEnvironmentId":"@3RgziBIgcpkceuZczx0hso","maxLogs":10,"verbose":false,"mappingId":"@5eoiG7lFSpehcW7fL4doWV","shortDescription":"","sessionPropertiesList":[],"enableCrossSchemaPushdown":true,"enableParallelRun":false,"autoTunedApplied":false,"autoTunedAppliedType":"NONE","paramFileType":"PARAM_FILE_LOCAL","schemaMode":"async","parameterFileEncoding":"UTF-8","serverlessProperties":{},"taskProperties":[{"@type":"taskProperty","name":"parameterFileDir","currentValue":"","type":"STRING","label":"label.parameterFileDir","required":false},{"@type":"taskProperty","name":"parameterFileName","currentValue":"","type":"STRING","label":"label.parameterFileName","required":false}],"parameters":[{"@type":"mtTaskParameter","id":203551309,"name":"$Src_Person_FF2_S3$","type":"EXTENDED_SOURCE","label":"Src_Person_FF2_S3","uiProperties":{"connectionParameterized":"false","isMsrcFilterParameterized":"false","isMsrcSortParameterized":"false","objectParameterized":"false","visible":"false"},"sourceConnectionId":"@5zBVYkUG6bTjrQT9XuqEmS","newFlatFile":false,"newObject":false,"showBusinessNames":false,"naturalOrder":true,"truncateTarget":false,"bulkApiDBTarget":false,"customFuncCfg":{"@type":"customFuncConfig","id":-1,"connections":[],"inputMap":[],"outputFields":[]},"tgtFieldRefs":{},"targetUpdateColumns":[],"extendedObject":{"@type":"extendedObject","object":{"@type":"mObject","name":"set-demo-bucket/Landing%2F/PERSON_FF2.txt","label":"PERSON_FF2.txt","metadataUpdated":false,"relations":[],"children":[]},"filters":[],"sortFields":[]},"runtimeAttrs":{},"isRESTModernSource":true,"isFileList":false,"handleSpecialChars":false,"frsAsset":false,"dynamicFileName":false,"currentlyProcessedFileName":false,"tgtObjectAttributes":{},"dataFormat":{"@type":"dataFormat","formatId":"Flat","schema":"","dataFormatAttributes":{"escapeChar":"\\","rowDelimiter":"","importColumnFromFirstLine":"true","headerLineNumber":"1","maxRowsToPreview":"0","distributionColumn":"","qualifierMode":"MINIMAL","firstDataRow":"2","generateHeader":"true","delimiter":",","qualifier":"\"","targetHeader":"With Header","escapeCharacterDataRetained":"false","codePage":"UTF-8"}},"runtimeParameterData":{"@type":"mtTaskRuntimeParameterData","isConnectionRuntimeParameter":false,"isObjectRuntimeParameter":false},"overriddenFields":[]},{"@type":"mtTaskParameter","id":203551312,"name":"$Src_Person_FF_S3$","type":"EXTENDED_SOURCE","label":"Src_Person_FF_S3","uiProperties":{"connectionParameterized":"false","isMsrcFilterParameterized":"false","isMsrcSortParameterized":"false","objectParameterized":"false","visible":"false"},"sourceConnectionId":"@5zBVYkUG6bTjrQT9XuqEmS","newFlatFile":false,"newObject":false,"showBusinessNames":false,"naturalOrder":true,"truncateTarget":false,"bulkApiDBTarget":false,"customFuncCfg":{"@type":"customFuncConfig","id":-1,"connections":[],"inputMap":[],"outputFields":[]},"tgtFieldRefs":{},"targetUpdateColumns":[],"extendedObject":{"@type":"extendedObject","object":{"@type":"mObject","name":"set-demo-bucket/Landing%2F/PERSON_FF.txt","label":"PERSON_FF.txt","metadataUpdated":false,"relations":[],"children":[]},"filters":[],"sortFields":[]},"runtimeAttrs":{},"isRESTModernSource":true,"isFileList":false,"handleSpecialChars":false,"frsAsset":false,"dynamicFileName":false,"currentlyProcessedFileName":false,"tgtObjectAttributes":{},"dataFormat":{"@type":"dataFormat","formatId":"Flat","schema":"","dataFormatAttributes":{"escapeChar":"\\","rowDelimiter":"","importColumnFromFirstLine":"true","headerLineNumber":"1","maxRowsToPreview":"0","distributionColumn":"","qualifierMode":"MINIMAL","firstDataRow":"2","generateHeader":"true","delimiter":",","qualifier":"\"","targetHeader":"With Header","escapeCharacterDataRetained":"false","codePage":"UTF-8"}},"runtimeParameterData":{"@type":"mtTaskRuntimeParameterData","isConnectionRuntimeParameter":false,"isObjectRuntimeParameter":false},"overriddenFields":[]},{"@type":"mtTaskParameter","id":203551315,"name":"$Src_Person_Landing_S3$","type":"EXTENDED_SOURCE","label":"Src_Person_Landing_S3","uiProperties":{"connectionParameterized":"false","isMsrcFilterParameterized":"false","isMsrcSortParameterized":"false","objectParameterized":"false","visible":"false"},"sourceConnectionId":"@5zBVYkUG6bTjrQT9XuqEmS","newFlatFile":false,"newObject":false,"showBusinessNames":false,"naturalOrder":true,"truncateTarget":false,"bulkApiDBTarget":false,"customFuncCfg":{"@type":"customFuncConfig","id":-1,"connections":[],"inputMap":[],"outputFields":[]},"tgtFieldRefs":{},"targetUpdateColumns":[],"extendedObject":{"@type":"extendedObject","object":{"@type":"mObject","name":"set-demo-bucket/Landing%2F/S3_Cactus_PERSON_T%2F/S3_Cactus_PERSON_T_20201015_211327098.dat","label":"S3_Cactus_PERSON_T_20201015_211327098.dat","metadataUpdated":false,"relations":[],"children":[]},"filters":[],"sortFields":[]},"runtimeAttrs":{},"isRESTModernSource":true,"isFileList":false,"handleSpecialChars":false,"frsAsset":false,"dynamicFileName":false,"currentlyProcessedFileName":false,"tgtObjectAttributes":{},"dataFormat":{"@type":"dataFormat","formatId":"Flat","schema":"","dataFormatAttributes":{"escapeChar":"\\","rowDelimiter":"","importColumnFromFirstLine":"true","headerLineNumber":"0","maxRowsToPreview":"0","distributionColumn":"","qualifierMode":"MINIMAL","firstDataRow":"1","generateHeader":"true","delimiter":",","qualifier":"\"","targetHeader":"Without Header","escapeCharacterDataRetained":"false","codePage":"UTF-8"}},"runtimeParameterData":{"@type":"mtTaskRuntimeParameterData","isConnectionRuntimeParameter":false,"isObjectRuntimeParameter":false},"overriddenFields":[]},{"@type":"mtTaskParameter","id":203551318,"name":"$Tgt_Person_Enrichment$","type":"TARGET","label":"Tgt_Person_Enrichment","uiProperties":{"connectionParameterized":"false","objectParameterized":"false","visible":"false","defaultTargetUpdateColumns":""},"targetConnectionId":"@5zBVYkUG6bTjrQT9XuqEmS","targetObject":"/DataEnrichment/Person_DE.csv","targetObjectLabel":"/DataEnrichment/Person_DE.csv","newFlatFile":false,"newObject":true,"showBusinessNames":false,"naturalOrder":true,"newObjectName":"/DataEnrichment/Person_DE.csv","truncateTarget":false,"bulkApiDBTarget":false,"operationType":"Insert","customFuncCfg":{"@type":"customFuncConfig","id":-1,"connections":[],"inputMap":[],"outputFields":[]},"tgtFieldRefs":{},"targetUpdateColumns":[],"extendedObject":{"@type":"extendedObject","filters":[],"sortFields":[]},"runtimeAttrs":{},"isRESTModernSource":true,"isFileList":false,"handleSpecialChars":false,"frsAsset":false,"dynamicFileName":false,"currentlyProcessedFileName":false,"tgtObjectAttributes":{"parent":"/DataEnrichment"},"dataFormat":{"@type":"dataFormat","formatId":"Flat","schema":"","dataFormatAttributes":{"escapeChar":"\\","rowDelimiter":"","importColumnFromFirstLine":"true","headerLineNumber":"1","maxRowsToPreview":"0","distributionColumn":"","qualifierMode":"MINIMAL","firstDataRow":"2","generateHeader":"true","delimiter":",","qualifier":"\"","targetHeader":"With Header","escapeCharacterDataRetained":"false","codePage":"UTF-8"}},"runtimeParameterData":{"@type":"mtTaskRuntimeParameterData","isConnectionRuntimeParameter":false,"isObjectRuntimeParameter":false},"overriddenFields":[]}],"sequences":[],"inOutParameters":[],"connRuntimeAttrs":[]}]