[{"@type":"mtTask","id":"@1","name":"mt_DM_Person_HR_Sys_Enrichment","description":"Mapping task reading from Person_HR_Sys S3 Landing masking ssn writing to S3 DataEnrichment","runtimeEnvironmentId":"@3RgziBIgcpkceuZczx0hso","maxLogs":10,"verbose":false,"mappingId":"@0o1hMOTgjYObFOTT5eRzCa","shortDescription":"Mapping task reading from Person_HR_Sys S3 Landing...","sessionPropertiesList":[],"enableCrossSchemaPushdown":true,"enableParallelRun":false,"autoTunedApplied":false,"autoTunedAppliedType":"NONE","paramFileType":"PARAM_FILE_LOCAL","schemaMode":"async","parameterFileEncoding":"UTF-8","serverlessProperties":{},"taskProperties":[{"@type":"taskProperty","name":"parameterFileDir","currentValue":"","type":"STRING","label":"label.parameterFileDir","required":false},{"@type":"taskProperty","name":"parameterFileName","currentValue":"","type":"STRING","label":"label.parameterFileName","required":false}],"parameters":[{"@type":"mtTaskParameter","id":137206474,"name":"$Src_Person_hr_sys$","type":"EXTENDED_SOURCE","label":"Src_Person_hr_sys","uiProperties":{"connectionParameterized":"false","isMsrcFilterParameterized":"false","isMsrcSortParameterized":"false","objectParameterized":"false","visible":"false"},"sourceConnectionId":"@5zBVYkUG6bTjrQT9XuqEmS","newFlatFile":false,"newObject":false,"showBusinessNames":false,"naturalOrder":true,"truncateTarget":false,"bulkApiDBTarget":false,"customFuncCfg":{"@type":"customFuncConfig","id":-1,"connections":[],"inputMap":[],"outputFields":[]},"tgtFieldRefs":{},"targetUpdateColumns":[],"extendedObject":{"@type":"extendedObject","object":{"@type":"mObject","name":"set-demo-bucket/Landing%2F/PERSON_HRS_SYS.txt","label":"PERSON_HRS_SYS.txt","metadataUpdated":false,"relations":[],"children":[]},"filters":[],"sortFields":[]},"runtimeAttrs":{},"isRESTModernSource":true,"isFileList":false,"handleSpecialChars":false,"frsAsset":false,"dynamicFileName":false,"currentlyProcessedFileName":false,"fetchMode":"ORIGINAL","tgtObjectAttributes":{},"dataFormat":{"@type":"dataFormat","formatId":"Flat","schema":"","dataFormatAttributes":{"escapeChar":"\\","rowDelimiter":"","importColumnFromFirstLine":"true","headerLineNumber":"1","maxRowsToPreview":"0","distributionColumn":"","qualifierMode":"MINIMAL","firstDataRow":"2","generateHeader":"true","delimiter":",","qualifier":"\"","targetHeader":"With Header","escapeCharacterDataRetained":"false","codePage":"UTF-8"}},"runtimeParameterData":{"@type":"mtTaskRuntimeParameterData","isConnectionRuntimeParameter":false,"isObjectRuntimeParameter":false},"overriddenFields":[]},{"@type":"mtTaskParameter","id":137206477,"name":"$Tgt_Person_HR_Sys_Masked$","type":"TARGET","label":"Tgt_Person_HR_Sys_Masked","uiProperties":{"connectionParameterized":"false","objectParameterized":"false","visible":"false","defaultTargetUpdateColumns":""},"targetConnectionId":"@5zBVYkUG6bTjrQT9XuqEmS","targetObject":"/DataEnrichment/Person_Hr_Sys_Masked.txt","targetObjectLabel":"/DataEnrichment/Person_Hr_Sys_Masked.txt","newFlatFile":false,"newObject":true,"showBusinessNames":false,"naturalOrder":true,"newObjectName":"/DataEnrichment/Person_Hr_Sys_Masked.txt","truncateTarget":false,"bulkApiDBTarget":false,"operationType":"Insert","customFuncCfg":{"@type":"customFuncConfig","id":-1,"connections":[],"inputMap":[],"outputFields":[]},"tgtFieldRefs":{},"targetUpdateColumns":[],"extendedObject":{"@type":"extendedObject","filters":[],"sortFields":[]},"runtimeAttrs":{},"isRESTModernSource":true,"isFileList":false,"handleSpecialChars":false,"frsAsset":false,"dynamicFileName":false,"currentlyProcessedFileName":false,"fetchMode":"ORIGINAL","tgtObjectAttributes":{"parent":"/DataEnrichment"},"dataFormat":{"@type":"dataFormat","formatId":"Flat","schema":"","dataFormatAttributes":{"escapeChar":"\\","rowDelimiter":"","importColumnFromFirstLine":"true","headerLineNumber":"1","maxRowsToPreview":"0","distributionColumn":"","qualifierMode":"MINIMAL","firstDataRow":"2","generateHeader":"true","delimiter":",","qualifier":"\"","targetHeader":"With Header","escapeCharacterDataRetained":"false","codePage":"UTF-8"}},"runtimeParameterData":{"@type":"mtTaskRuntimeParameterData","isConnectionRuntimeParameter":false,"isObjectRuntimeParameter":false},"overriddenFields":[]}],"sequences":[],"inOutParameters":[],"connRuntimeAttrs":[]}]