[{"@type":"mappingTemplate","id":"@1","name":"m_S3_Person_Enrichment","description":"Read 3 files from S3 Landing zone, union, apply DQrules to Phone Number and Gender then write to S3 Data Enrichment zone","bundleVersion":"0","templateId":"@3","deployTime":1612458572000,"hasParameters":false,"valid":true,"fixedConnection":true,"hasParametersDeployed":false,"fixedConnectionDeployed":true,"tasks":1,"mappingPreviewFileRecordId":"@2","documentType":"","references":[{"@type":"reference","refObjectId":"@d0IaMWeCVKfdvH7OmO4mAv","refType":"mappletTemplate"},{"@type":"reference","refObjectId":"@3jDynkYA7M2gqIlj656qUd","refType":"mappletTemplate"},{"@type":"reference","refObjectId":"@5zBVYkUG6bTjrQT9XuqEmS","refType":"connection"}]}]