[{"@type":"mappingTemplate","id":"@1","name":"m_Orcl_S3_Person_Landing","description":"Read PERSON_T from Oracle CACTUS schema and write to S3 bucket","bundleVersion":"0","templateId":"@3","deployTime":1604009547000,"hasParameters":false,"valid":true,"fixedConnection":true,"hasParametersDeployed":false,"fixedConnectionDeployed":true,"tasks":1,"mappingPreviewFileRecordId":"@2","documentType":"","references":[{"@type":"reference","refObjectId":"@fzd2oIqS44tlshwGNGkVG2","refType":"connection"},{"@type":"reference","refObjectId":"@5zBVYkUG6bTjrQT9XuqEmS","refType":"connection"}]}]