[{"@type":"mappingTemplate","id":"@1","name":"m_S3_RS_Person_Enterprise","description":"Read data from S3 Enterprise and write to Redshift","bundleVersion":"0","templateId":"@3","deployTime":1604009546000,"hasParameters":false,"valid":true,"fixedConnection":true,"hasParametersDeployed":false,"fixedConnectionDeployed":true,"tasks":1,"mappingPreviewFileRecordId":"@2","documentType":"","references":[{"@type":"reference","refObjectId":"@5zBVYkUG6bTjrQT9XuqEmS","refType":"connection"},{"@type":"reference","refObjectId":"@3ud7ZI6aL2fbUsLqPnFmOV","refType":"connection"}]}]